,binary AUC (mean),binary AUC (std),subtype AUC (mean),subtype AUC (std)
SVM,1.0,0.0,0.998835,0.0012587940657629523
RF,1.0,0.0,0.9977025000000002,0.0022804433505351595
KNN,1.0,0.0,0.9958874999999999,0.001976107284536879
ResNet50_pretrained,1.0,0.0,0.9998549999999999,0.0001303840481040418
ResNet50_scratch,0.999925,6.12372435695727e-05,0.9925750000000001,0.0036702350060997474
